{
 "FCPS": {
  "accuracy": 78.97350993377484,
  "correctCandidates": 477
 },
 "MS": {
  "accuracy": 61.53846153846154,
  "correctCandidates": 24
 },
 "MD": {
  "accuracy": 71.28712871287128,
  "correctCandidates": 72
 }
}